{
    "loss": 21.23112678527832,
    "accuracy": 0.3099229633808136
}