{
    "loss": 5.9086127281188965,
    "accuracy": 0.6918894648551941
}