{
    "loss": 24.754283905029297,
    "accuracy": 0.690077006816864
}