{
    "loss": 8.072662353515625,
    "accuracy": 0.6905301213264465
}