{
    "loss": 2.429993152618408,
    "accuracy": 0.780697762966156
}